City,Year,SO2,NO2,O3,CO,PM10,PM2.5
New York,2018,3.0493150684931507,38.394520547945206,47.12328767123287,8.158904109589042,14.347457627118644,50.057534246575344
