City,Year,SO2,NO2,O3,CO,PM10,PM2.5
New York,2017,2.8794520547945206,38.134246575342466,46.106849315068494,7.210958904109589,14.6,49.53972602739726
