"city","year","so2","no2","o3","co","pm10","pm2.5"
"Delhi",2018,"13.64","45.92","44.37","1.41","240.11","115.02"
"New York",2018,"3.0493150684931507","38.394520547945206","47.12328767123287","8.158904109589042","14.347457627118644","50.057534246575344"
"Seoul",2018,"-0.0010971826484018196","0.023506593607305976","0.018097095890410936","0.4945652968036538","41.765159817351574","24.132342465753307"
