Year,SO2,NO2,O3,CO,PM10,PM2.5
2018,-0.0010971826484018196,0.023506593607305976,0.018097095890410936,0.4945652968036538,41.765159817351574,24.132342465753307
