Year,SO2,NO2,O3,CO,PM10,PM2.5
2019,-0.007743251695781281,0.0159006594908414,0.012499556630665673,0.5154632273053901,45.040104809313966,27.639216917707596
