City,Year,SO2,NO2,O3,CO,PM10,PM2.5
Seoul,2017,0.003205438356164361,0.02787042009132433,0.023104132420091426,0.5178643835616472,44.37972602739728,24.565429223744268
